{
  "staff": [
    {
      "id": 1,
      "name": "Minerva McGonagall",
      "title": "Professor of Transfiguration",
      "House": "Gryffindor"
    },
    {
      "id": 2,
      "name": "Rebeus Hagrid",
      "title": "Professor of Care of Magical Creatures",
      "House": "Gryffindor"
    },
    {
      "id": 3,
      "name": "Filius Flitwick",
      "title": "Professor of Charms",
      "House": "Ravenclaw"
    },
    {
      "name": "Linda Villanueva",
      "email": "linda.villanueva@learningsource.com",
      "body": "New Hogwarts Professor of Charms",
      "id": 4
    },
    {
      "name": "Ayana Labossiere Burks",
      "email": "adlabossiere@gmail.com",
      "body": "New Hogwarts Professor",
      "id": 5
    }
  ]
}