{
    "staff": [
        {
            "id": 0,
            "name": "Albus Dumbledore",
            "title": "Headmaster",
            "House": "Gryffindor"

        },

        {
            "id": 1,
            "name": "Minerva McGonagall",
            "title": "Professor of Transfiguration",
            "House": "Gryffindor"

        },

        {
            "id": 2,
            "name": "Rebeus Hagrid",
            "title": "Professor of Care of Magical Creatures",
            "House": "Gryffindor"

        },


        {
            "id": 3,
            "name": "Filius Flitwick",
            "title": "Professor of Charms",
            "House": "Ravenclaw"

        },


        {
            "id": 4,
            "name": "Severus Snape",
            "title": "Professor of Potions",
            "House": "Slytherin"

        }
    ]
} 
      